<?xml version="1.0" encoding="utf-8"?>
<Window sizebox="4,4,6,6" size="100,100" title="新迪3D 数据库检查工具" >
  <Font shared="true" id="0"  name="宋体" size="12" bold="false" default="true" />
  <Font shared="true" id="1"  name="宋体" size="12" bold="true"/>
  <Font shared="true" id="2"  name="微软雅黑" size="18" bold="false"/>
  <Font shared="true" id="3"  name="微软雅黑" size="14" underline="true" size="14" bold="false"/>
  <Font shared="true" id="4"  name="微软雅黑" size="12" bold="false"/>
  <Font shared="true" id="5"  name="微软雅黑" size="14" bold="true"/>
  <Default name="VScrollBar" shared="true" value="button1size=&quot;10,9&quot; button2size=&quot;10,9&quot; width=&quot;10&quot; button1normalimage=&quot;file='scrollbar_arrowup_normal.png' source='0,0,10,9'&quot; button1hotimage=&quot;file='scrollbar_arrowup_highlight.png' source='0,0,10,9'&quot; button1pushedimage=&quot;file='scrollbar_arrowup_down.png' source='0,0,10,9'&quot; button2normalimage=&quot;file='scrollbar_arrowdown_normal.png' source='0,0,10,9'&quot; button2hotimage=&quot;file='scrollbar_arrowdown_highlight.png' source='0,0,10,9'&quot; button2pushedimage=&quot;file='scrollbar_arrowdown_down.png' source='0,0,10,9'&quot; thumbnormalimage=&quot;file='scrollbar_bar_normal.png' source='0,0,10,42' corner='2,10,2,10'&quot; thumbhotimage=&quot;file='scrollbar_bar_highlight.png' source='0,0,10,42' corner='2,10,2,10'&quot; thumbpushedimage=&quot;file='scrollbar_bar_down.png' source='0,0,10,42' corner='2,10,2,10'&quot; bknormalimage=&quot;file='scrollbar_bkg.png' source='0,0,10,62'  corner='2,10,2,10'&quot;" />
  <VerticalLayout bkcolor="#FFFFFFFF">
    <VerticalLayout>
      <VerticalLayout height="50" inset="5,3,5,0">
        <Label text="原始数据路径：" />
        <HorizontalLayout height="26">
          <Edit name="data_path" bordersize="1" bordercolor="#FF000000" bkcolor="#FFFFFFFF" textpadding="3,0,1,0" />
          <Control width="10" />
          <Button width="60" text="配置路径" name="btn_browse_data" bordercolor="#FF000000" bordersize="1" inset="1,1,1,1" />
        </HorizontalLayout>
      </VerticalLayout>
      <VerticalLayout>
        <TreeCtrlEx />
      </VerticalLayout>
    </VerticalLayout>
    <VerticalLayout>
      
    </VerticalLayout>
  </VerticalLayout>
</Window>