﻿<?xml version="1.0" encoding="UTF-8"?>
<Window>
  <VerticalLayout>
    <MenuButton name="menubtn_product_delete" height="26" align="left" text="删除" textpadding="30,0,0,0" hotbkcolor="#FFE9E9E9" hottextcolor="#FF000000"/>
    <!--<VerticalLayout height="3" inset="0,1,0,1">
      <Control bkcolor="#FFB7C3CC" />
    </VerticalLayout>
    <MenuButton name="menubtn_preview_close" height="26" align="left" text="关闭预览界面" textpadding="30,0,0,0" hotbkcolor="#FFE9E9E9" hottextcolor="#FF000000"/>
    <VerticalLayout height="3" inset="0,1,0,1">
      <Control bkcolor="#FFB7C3CC" />
    </VerticalLayout>
    <MenuButton name="menubtn_modify" height="26" align="left" text="修改" textpadding="30,0,0,0" hotbkcolor="#FFE9E9E9" hottextcolor="#FF000000"/>
    <VerticalLayout height="3" inset="0,1,0,1">
      <Control bkcolor="#FFB7C3CC" />
    </VerticalLayout>
    <MenuCheckButton name="menubtn_show_line" height="26" align="left" text="显示/关闭划线" textpadding="30,0,0,0" hotbkcolor="#FFE9E9E9" hottextcolor="#FF000000" statusimage="file='select.png' dest='5,3,25,23'"/>
    <VerticalLayout height="3" inset="0,1,0,1">
      <Control bkcolor="#FFB7C3CC" />
    </VerticalLayout>
    --><!--<MenuCheckButton name="menubtn_detection" height="26" align="left" text="开启/关闭算法检测" textpadding="30,0,0,0" hotbkcolor="#FFE9E9E9" hottextcolor="#FF000000" statusimage="file='select.png' dest='5,3,25,23'"/>
    <VerticalLayout height="3" inset="0,1,0,1">
      <Control bkcolor="#FFB7C3CC" />
    </VerticalLayout>--><!--
    <MenuButton name="menubtn_set_line" height="26" align="left" text="画线设置" textpadding="30,0,0,0" hotbkcolor="#FFE9E9E9" hottextcolor="#FF000000"/>-->
  </VerticalLayout>
</Window>