<?xml version="1.0" encoding="utf-8" standalone="yes" ?>
<Window size="345,202" caption="0,0,0,30" title="温馨提示" roundcorner="5,5,5,5" >
  <Default name="VScrollBar" value="button1size=&quot;10,9&quot; button2size=&quot;10,9&quot; width=&quot;10&quot; button1normalimage=&quot;file='scrollbar_arrowup_normal.png' source='0,0,10,9'&quot; button1hotimage=&quot;file='scrollbar_arrowup_highlight.png' source='0,0,10,9'&quot; button1pushedimage=&quot;file='scrollbar_arrowup_down.png' source='0,0,10,9'&quot; button2normalimage=&quot;file='scrollbar_arrowdown_normal.png' source='0,0,10,9'&quot; button2hotimage=&quot;file='scrollbar_arrowdown_highlight.png' source='0,0,10,9'&quot; button2pushedimage=&quot;file='scrollbar_arrowdown_down.png' source='0,0,10,9'&quot; thumbnormalimage=&quot;file='scrollbar_bar_normal.png' source='0,0,10,42' corner='2,10,2,10'&quot; thumbhotimage=&quot;file='scrollbar_bar_highlight.png' source='0,0,10,42' corner='2,10,2,10'&quot; thumbpushedimage=&quot;file='scrollbar_bar_down.png' source='0,0,10,42' corner='2,10,2,10'&quot; bknormalimage=&quot;file='scrollbar_bkg.png' source='0,0,10,62'  corner='2,10,2,10'&quot;" />
  <VerticalLayout bkcolor="#FFFFFFFF">
    <HorizontalLayout name="title" height="36" bkimage="title_bg.png">
      <VerticalLayout inset="15,2,0,0">
        <Label name="title_text" text="温馨提示" textcolor="#FF333333" />
      </VerticalLayout>
      <HorizontalLayout width="31" inset="0,10,19,0">
        <Button name="closebtn" width="12" height="12" normalimage="file='btn_close.png' dest='1,1,11,11'" />
      </HorizontalLayout>
    </HorizontalLayout>
    <VerticalLayout inset="10,15,10,10">
       <TabLayout name="labeltablay" height="90" >
        <HorizontalLayout height="80" inset="15,0,0,0">
            <Control name="msg_icon" padding="15,20,0,0" width="38" height="38" bkimage="question.png"/>
            <LabelEx name="msg_text" text="" textpadding="15,10,10,10" />
        </HorizontalLayout>
        <HorizontalLayout height="80" inset="15,0,15,0">
            <LabelEx name="msg_text2" text="" textpadding="10,10,10,10" align="center" />
        </HorizontalLayout>
        </TabLayout>
      <Control />
      <TabLayout name="btntablay" height="40" inset="0,0,0,10">
        <HorizontalLayout>
          <Control />
          <Button name="btn_ok" text="确定" height="30" width="60" normalimage="file='btn_bg.png' corner='5,5,5,5'" />
          <Control width="60" />
          <Button name="btn_cancel" text="取消" height="30" width="60" normalimage="file='btn_bg.png' corner='5,5,5,5'" />
          <Control />
        </HorizontalLayout>
        <HorizontalLayout>
          <Control />
          <Button name="btn_ok" text="确定" height="30" width="60" normalimage="file='btn_bg.png' corner='5,5,5,5'" />
          <Control />
        </HorizontalLayout>
      </TabLayout>
    </VerticalLayout>
  </VerticalLayout>
</Window>